76fbd48d-6b42-488c-8a13-d7915e8a6f28,Kura,7595 Northridge Street
80c108ab-994a-4c89-9675-effcc3ab9757,Dushi,4142 Jenifer Hill
3932a82b-25bc-4748-86a0-b7e14b82a425,New Leyte,5 Vera Hill
e7b2b54d-c47d-4ed3-a03b-67c35f497451,Bojongsari,7 Mallard Street
83fa1514-613e-4dfe-a5a9-3cb0698c27ee,Pedregal,61 Lerdahl Lane
2a1e64c5-bb75-4733-8b04-2525b94e919d,Jocón,7162 Sachtjen Alley
43396e9c-970d-483f-bceb-e45cb7b24c35,Chitungwiza,7196 Dapin Park
dfbbd0e0-4f39-4a4c-b8ca-88013e875b42,Parelhas,13 Bashford Crossing
3c861e9f-22ec-4bfc-9aac-290442621db8,Malesína,94828 Forest Run Alley
e036829b-1d58-4ce3-a476-9e597df7727f,Balneário Camboriú,80951 Sage Junction
b37f519e-99eb-4232-bfa6-6324da45281b,Primorsko-Akhtarsk,89 Becker Circle
f23dc400-0523-4a93-b8c7-7f1886549e1f,Bagé,67320 Laurel Alley
9092e447-7995-48da-812c-b6adb474c295,Longgao,3504 Pennsylvania Junction
59e6382c-0aa1-49c9-8452-69e333ccc0dc,Kladovo,8 Marquette Alley
c89c8804-e394-4e4d-842b-a39c1c0de670,Huangpo,028 Anzinger Point
5b6c02a1-9da2-4eb2-8291-e81e38fd17b1,Banjar Triwangsakeliki,23712 Lakewood Gardens Court
e847a6b3-c4bf-46f1-aaf5-55d9fe8231c2,Luorong,85 Columbus Court
52792e33-8aaa-4cac-b48d-e905e6157c8c,Bualan,20 Express Lane
ac011d28-53c8-4626-bfd6-5afab425338c,Carumas,3 Superior Place
9ca9c2b6-90f5-42c4-9d92-c3a3b36a773a,Dengtang,3700 Delladonna Avenue
3b82a170-b810-4a48-ab1a-f3204dd7ab2a,Ar Rumaythīyah,55 Debs Trail
826e5690-bcde-47bb-9aa3-eace367d409b,Fougamou,36 La Follette Terrace
f2240d18-21f3-4ff0-874d-6bd90ede0965,Raksajaya,418 Buena Vista Circle
0026b74e-c4cf-45ba-954c-c1ce18710ade,Calimete,05009 Norway Maple Way
083db0fd-13b1-4a76-96f8-27574bb1d49b,Derzhavīnsk,272 Mcbride Circle
e1077ff6-cbc0-43ef-a791-93dbae01409e,Saint Paul,26 Mendota Center
48b2ccf2-1634-4d06-9d80-3370423c80f8,Photharam,2060 Golf Point
6bc90a14-c325-40b2-a03b-e976dedc035b,Sallins,63643 Hoffman Alley
caee9c4a-3dfc-4184-952c-7833e8361255,Yaogu,035 Russell Junction
c66d77d3-3af4-4d01-aa50-6551f522622f,Kouzhen,8570 Thompson Street
ef5cdcaf-b5a8-470a-80f6-17cfba2d9837,Nāgarpur,5982 Haas Junction
49031773-1cfc-43d1-ab94-2acbe3851334,Liangwangzhuang,0 Harper Hill
0d4feedd-6d4a-4384-a669-964bd518f8e1,Głogówek,3673 Melvin Drive
e5728989-47b0-493e-8d94-fcf26b251050,Lokoja,1 Magdeline Trail
37415b4d-8873-440a-92e1-f9b44af2d806,Virojoki,9 Roth Court
87fd9eaa-53d6-4b13-87e3-af267a0626b5,Jiesheng,509 Alpine Crossing
15a84481-d7e1-434e-9ce7-6739d3ba25e5,Karjalohja,22660 Transport Drive
4950a786-f278-4ad2-bee1-67bd23981529,Toride,11 Oxford Place
1e697c8c-df90-45e8-83cd-af7dabf483f6,Qingshanhu,99 Boyd Point
de3247e5-e716-4650-9067-964caa6a2bee,Bingerville,0008 Washington Terrace
49a57537-cd78-4829-97cd-e5112e5cbbcc,Dodoma,733 Weeping Birch Circle
3d7ecf7b-53b8-403c-b2f7-5f8a09c4df82,La Esperanza,0 8th Center
14d1580e-54d6-4ebe-93c3-defa0e9aea21,Villa Nueva,5540 Continental Way
6c9d864f-d2ad-468d-8941-bfa7ac93e53c,Ichupampa,75 Nancy Park
77741080-4321-4eb1-8dad-5f7a6a7d9e2e,Buea,407 Service Trail
ea78ad14-caf6-4713-be6c-0b3adfbe7c38,General Martín Miguel de Güemes,51596 Forest Dale Place
d9b935e3-abdd-4b5e-be5d-c8d29cff14a6,Az̧ Z̧a‘āyin,32 Declaration Road
1693ed3b-5cf8-4e8c-8438-89eb025ef623,Velké Bílovice,8093 North Street
11fc88b4-20a6-4be0-b2d3-b1d38cb20824,Kharabali,7419 Northland Lane
5a2d05d3-3a0e-4e2d-81e8-0cadd903587e,Canela,1 Coleman Way