1a0a4149-1dfb-448e-b774-fd54d948d05b,Waverley Doe
4e05ca6a-0c85-4642-a198-810550f17a3c,Camel MacGhee
255994ef-6923-4ca1-8496-05a99b910df4,Mac Bisseker
0b193c30-89fa-4e90-961c-b6b5fb9a93a8,Forrest O'Hegertie
9e6b543b-8afe-406a-b0eb-e5ebc3d3aa99,Eugenie Mitcham
cbcd895f-7c30-4565-9986-7bb3ae5dca10,Cyndia Creavin
66a1c85f-8d20-4f68-9e3e-df5fac56765d,Jedediah Joy
851fe23c-37be-43e1-8c7f-7728e0ffa5aa,Vic Deare
6f50aee7-c96f-42dc-b161-82df2211cae9,Maegan Coniff
1b7e27e6-6039-4100-b153-28002b772c09,Effie Peidro
7b5e45b3-e91a-4dee-afe8-7f3455be1735,Bartram Edger
ac14db59-22cf-4071-843b-977949f019b0,Loleta Fruin
02595c43-229a-4ec8-b8d8-3d9de4f6aa33,Minnnie Sanney
f103ccef-5620-4153-9aea-0e0e7ff3d615,Mathilde Bickerstasse
285f2bc7-d8d6-4e6c-8764-aa6a0b8f5264,Carlina Youdell
60b672cc-b85e-4fc0-b091-6a08d45d3975,Sabra Fadell
9d4fa21f-caa0-4073-b671-053fe8a920cd,Pavel Curson
beb2f6bd-a2e9-4fd3-bdb2-9c58f4918e90,Feliks Clemas
073eee1c-d8c8-4b67-bfc8-0657d62ac008,Nicolais Dayes
89625744-cfd3-444e-9145-39e34bebf583,Gregor Phayre
109dafcc-f75a-4dfb-bc87-541ece733aec,Tymothy Scamadin
d4a62b15-65e7-4540-85ad-840bfa063b6a,Evelyn Neno
973751d1-9ab0-4c6b-b218-6c4a12499820,Blondy Checchetelli
48e0449c-d222-4db5-b7bd-e6a5dbac232b,Mallory Esposito
97e90a4d-d480-47ce-93d2-6c1ca0495342,Claybourne Clemenzi
aa7ea7b0-7f17-4717-9119-577139467f97,Jervis Wheatman
6e7ec75f-5577-4ab1-9949-35345f4c3292,Evey Glass
3fb09467-1a8b-4d0e-bda3-57e70c8ef260,Theo Frizell
c886873c-d6d6-421f-9ace-1bfd7069c73c,Hodge Mayling
77bee8b5-f997-4aca-bd29-c5e64dc69239,Cos Prestney
6a2d1537-975d-4451-9f9e-17339730d980,Sharon Baldwin
78b8134d-9ce7-4210-8248-58d5c1d4bef9,Allys Fairley
2dd9ff5b-4a31-4eff-9ef3-51a7b6d2ac36,Clark McDonand
8f6ac9ae-6278-4514-b49c-042abf5a1ddd,Noel Grisard
90cbfd55-5c76-4a02-b57b-8dc14a5f814c,Kaine Schuler
b8d20d80-42c4-46db-b916-f88badca999d,Kriste Biggs
ed47b454-3ae8-43ff-b5a7-75dc2962a6b0,Maurine Bonnett
e0e39745-0571-4803-873e-ec0c29f5919b,Niel Capeling
a24a9afc-523d-402f-a8f5-85babce3ed4d,Marleen Pendergrast
994e65ec-983b-4705-9f2a-e20dcf6e824b,Amara Fevier
76ec9854-06ce-46eb-8f3b-11b68107be2e,Jonis Staddom
2b23807d-20cf-4cab-b919-402fc1e96999,Dasya Mertel
1578cdfc-169a-4446-a89d-6dc8b2b3463f,Zachery Yushin
4720847d-ccd4-4e78-9bc6-f91df1165385,Brig Kershaw
03568366-8900-46cb-9135-02615fc55036,Dud Call
5c90a016-10fc-4bb4-b6cb-92550c42406c,Rafaela Bleaden
3e7d0475-8352-4cec-b166-daf3f81aa0c5,Brit Naul
533ce05e-1e88-4765-8b2f-95f2656dda55,Catherin Gerding
5226896a-95bd-4742-817f-c29527e541c1,Jamie Zorzini
d04254ff-b026-4c7c-b623-01f2ca510284,Roger Dunk
a49ebe05-d2d8-4a6a-9e61-fed589933b36,Cooper Patrie
52976791-81f9-4374-9dfd-2e85df969df9,Kylie Tremellan
c6c0c78f-da1c-4d17-9b79-8afc7527a47a,Rhonda Daw
b9ab6f25-639a-4c4c-851b-84e5b73c6f5f,Sisely Gyles
edd3e139-a78e-49d3-9cab-5f3905f71e78,Harland Goodrick
e90ba0e9-177e-4b49-8305-f06c6fefedd4,Jessie Sambiedge
df88dfbf-79b7-4506-ac61-aac2a5f72251,Tatiania Cardow
bf23d85c-5912-4800-a06e-0f0bdaa800a7,Hartley Vollam
9275efa6-0bdf-4178-96a4-6464121358f5,Rudolf Baccup
98436ed4-5f0c-4c53-a375-64afb9f6ca17,Mel Hearon
6c677b21-baf3-401b-9905-6c2d9e63f741,Malena Maskell
4b72fffa-a537-4175-b3bd-35951e17412c,North Bernardes
308ae4f6-646a-4c16-a3c3-b65a90343b46,Kerwin Douce
653035d3-ab77-4c38-bc9d-37e179ca81d9,Elbertine Boustead
929820b1-5231-4ed8-9b9c-fe5da8734426,Shermy Twell
1adf0499-1241-4237-8119-8636baf60644,Lacie Herrero
d766845f-2ef9-4784-b7a2-d9a3f30b917b,Meghan Vaudin
8ee4e496-5d22-41eb-ae7d-4b9686e76937,Jacquie Sadry
55eefc4a-40ee-4427-bf8b-f9a97710f77b,Gib Finlan
1f9b00a4-4d3f-4c2c-a0a2-0bd333e8a7b6,Julina Barwood
2c19d412-ae5c-4ce7-a4db-2f17351f3289,Liza Alfonzo
8d5e689b-4dc5-4b91-a9a3-608df5cc2337,Hurlee Gaskarth
bde2d22d-9a53-4e98-a278-e235a29bb9a3,Tersina Jacques
94a83d14-678e-45b1-9248-32202455e7b0,Keelby Shepland
2224f855-c717-43d1-a8fc-37345fb99bd8,Felipe MacFayden
02c0a5e3-1bc8-40ca-b1e3-a1e324ad09cf,Vick Kerwin
334a2cf2-3ed0-437c-8103-bfe364987ac7,Gabie Schout
5649f2e1-601a-45f3-93db-94008942cd33,Melva Bulcroft
76605451-91fe-497f-8631-c8ce45c4f63a,Kacey Nolleau
6466f9eb-43b7-4946-b775-d911f080e50f,Jae Crop
dc0e4541-fd84-46e6-8b09-6befb7557ef3,Charlotte McKenney
48ff7fe4-574f-409e-b44e-f40f86811e0a,Wash Cardenas
822a82a0-462c-4889-9101-6b10601ead56,Fabien Adaway
f1ea439e-fd7b-45ae-9522-38a11ed0a8fb,Jenine Ryson
703bceb5-3a9d-4dc8-a3fd-3f3420149f6c,Natala Semon
600188cc-d2c6-45b3-bab7-0faab67c98e3,Kayley Shickle
6a1ebad6-964c-42bb-a8e6-dd850bcd9c4d,Silvie Hayto
00c00ce9-e26b-4db2-8840-b54bb4092e33,Luz Durak
58951e0d-0618-4397-86e9-30c115a87bf5,Frederich Rijkeseis
cb4e1a3b-7a90-4b11-8a61-49d635e4012b,Katha Pashler
30864628-7514-4a30-9ac3-eee6f8c892d0,Carolee Lindner
4014f922-34f5-4703-9a9f-2490fbff7846,Adan Winchcum
bff1c261-c8cb-4898-824b-ecc4fb69da5d,Husein Ottery
b2cdf957-62e1-43e8-b2d2-143e71b5d87b,Pavla Footitt
2a929651-298c-4a26-ac97-1b87ed13afc8,Anatol Babon
70961009-070d-4378-8685-ce602bf4d4d7,Jarred Fumagallo
e6f4ac8d-ec77-45e7-b984-3beaa9616e69,Arturo Thomsen
27aebee1-b271-45d1-b141-6b76a8aa316b,Nate Grute
bc39ca45-440e-42cf-8828-ef6ecf658601,Renelle Spickett
22a4ecbf-b832-4621-9a0b-26db2d6e9b05,Tracie Josiah
853f5844-eb48-490b-a592-30d94fe4c609,Otis Acory
04f0d7e4-dfb0-496a-bcc5-bb210c364a2c,Arman Jeanes
f6d0d4af-31ec-48e8-9147-fdb8f08cfe8f,Cherey Maudling
9087bdc0-2f8e-4bad-a94c-feb627b5bf08,Leonie Thornewill
63f43bc0-ab0a-4e0a-b165-32136b71571a,Hyman Bilsland
b815fdaf-57bc-40d1-b06a-a896d6000ee0,Zed Auten
ae1bc543-7a8c-4a69-a320-e42ecac03bc9,Lora Spurrior
b5ebbd18-0515-4466-83e1-a969c683a6f4,Myranda Garritley
814210f5-a411-48ef-893c-1cbc7b4dda15,Reuben Digance
5d9d70f1-102f-488e-a7ab-e65791544071,Marlyn Clackers
dec0d284-8b85-4bfb-afe2-92dc7e173e0e,Mohandas Van Dalen
31bbc2ba-83bb-40c8-b5bf-07a251bb83f7,Chandler Pankethman
0e947c97-4fbb-449f-8308-0906da803b46,Desirae Courtliff
8f9ad889-7c3e-4570-afb9-a15dbec05239,Guinevere Paute
a0d94795-14fd-45bc-980e-1725bd603c9b,Crysta Barker
87e53c5a-1e6d-4554-bb7d-70f3966be0d4,Isak Bails
af8f2a60-68af-4e61-a9d0-c7dcd5d4deb8,Wilhelmine Clendennen
df4329c2-694e-40bd-8937-5ae097236f80,Esme Fawlks
486e8e1b-09ea-4f6c-8e8f-5914e67367d3,Deedee Albone
c400415c-4f46-4a2e-a8ba-f27121d7b2e3,Hewett Glynne
9205e929-0538-4a8d-acd8-cffb7f7c73ab,King Smyley
de3d0ca8-ef61-46ee-9281-479c4e39a9e3,Dayna Stopford
41fa7887-4c29-4a21-a202-7a7165ebeb1d,Cristal Le Jean
af053561-4250-42d1-9ec1-a77d30a00949,Isa Ingre
cbb2eecd-513d-4414-8e59-3ebaac13a497,Lilian Hebard
3a585e39-d5c2-4988-9a76-bb61a19dee33,Alva MacCleay
4a27cbb1-03da-4a81-9dca-6cb1826be30f,Lucian Alentyev
7629caff-3e38-4b94-b092-14627f190c32,Sybilla Eam
ebebb4b7-f471-4ad7-87d7-ffbd28a261dc,Patrice MacGarvey
18fc4280-3387-4b43-96e1-c58cc5a627f3,Dirk Hilbourne
5c7bd763-635d-43bc-9e88-c5eb18e03f55,Gertruda Elbourn
cc5fbf31-7e1e-4edf-8037-60611e709a35,Fionna Ceeley
28a679ee-0d22-46e7-b811-845832776653,Bel Bech
5ba0bdda-1879-4260-bde0-98c5ef23c774,Mirabella Swinerd
41aced94-a17c-4c1e-8867-6d332c5340c5,Billie Dow
5d1c69a6-37f9-44d6-94a9-ecd9f879d82f,Cam Patience
e281fd08-76ea-4f13-82af-6ff992ff7075,Chiquia Mardoll
88235d9f-28e0-4d41-be1a-f50888629aff,Moise Denington
ed166462-6f60-402c-aaad-48d381bc0eed,Joan Wilcott
a1ab14c7-fe92-4724-bcbb-9403e01babce,Sharl Loughead
80ba9541-9d39-47f3-b689-a9aafeb216b4,Kacie Cridlin
05ac1add-457d-4864-a93f-e9bd2aa0d621,Kaylee Micah
0ee00c11-74a5-4038-af2c-fbaa449453ac,Stephenie Tillman
45f4550a-6c75-41ce-ad10-59679fdf8705,Sayers Vequaud
d7a6f231-e368-4066-a07b-45e8b936f772,Dalton Doorly
767ed6e3-eba3-4613-b2a8-1b7c494db953,Willey Ledgeway
d04c5556-0625-4c34-8be5-af7bc915caee,Iormina Murkin
219b4372-323d-4d05-b070-c3b13810a727,Gilburt Darville
2c415039-74ca-4635-991f-5ae84d0a0d39,Kittie Hillock
7748b89c-a5da-4e96-8737-173eb2e11a31,Karla Fache
e8d80038-e2ba-467b-9a21-73e202a24a35,Belle Whelpton
ac5febd9-d5bb-49d0-b63e-eb9d0c96bf75,Scott Brevitt
7fa78863-42b6-4e3e-b776-eb6dd747e857,Efren Turville
dd7898af-6f8e-4c77-a45e-d98a67d4f32b,Odette Tibalt
0f3f565a-0136-4872-b467-f1992fec07a9,Neysa Blowick
8d669282-fcd3-4589-9a4e-9de6360f4ee8,Toni Bilbrook
257e27d4-afa6-4b2a-b836-6f2b2c607673,Darryl Huguet
a89b4909-92af-4132-9b41-ad380ef03833,Clayton Bennike
85d56b40-0d08-4719-8bfb-1ce1b18a7480,Theresita Blackler
a977f884-44dd-4fc7-ae31-fec029087827,Isaak Smail
42a295fd-142f-4381-8472-747576a05de2,Raynell Wharfe
5f98bb5a-5715-4520-b61c-b1a76e6823c3,Flossy Willgrass
a80c0bd5-3aee-4103-85a9-e8c054364b63,Lulu Gannicleff
9a0c5361-f657-4913-9196-d7a53780525c,Tully Stanex
6d0cfa7b-0124-4b8d-a995-7cd03cf6d553,Marlee Ghiron
f87f2cbf-438a-4c5e-b3c3-8d18b445b49e,Bradan Stork
6d1c49ec-efef-451c-a968-9abe1c4d92e5,Bridget Prator
2ac406e4-c53d-4dc3-b605-ca60de7e2c51,Nessi Tunnadine
73077e69-612b-466d-acb6-f410d1613791,Faina Jentle
1ff36e9c-a4e3-4a61-bb02-e89b7d186932,Leigh Amner
4b1dcc15-2aa8-4fa5-ae54-ee390f623edd,Tracy Hassekl
0df16071-dadd-4a89-af97-5ab33142520c,Shaylah Smallpeace
f60155ab-8ec3-46fa-824d-4a445acf98ce,Lionello Baile
f73bee85-95f1-4ef2-8fe0-79d4edb00c39,Adina Slidders
ab65c5db-8e63-4f7d-a95b-e40c592e7391,Damita Langland
38f065d0-60ea-446b-9c95-cc7adda2cd5e,Kip McDowell
545c0038-1317-4edb-be56-4abce15cf406,Caryl Izakovitz
79f0e207-1992-4460-bec9-be9b02effc49,Cort Richardet
dd3501f8-a1ee-4fba-ae84-2eb434b53cf5,Vanny Sturges
0c855587-f6de-449d-a7e2-1df11d421212,Minni Grishagin
2829ae99-28b8-4315-a16c-7a1dfea83cd7,Araldo Orbell
50115183-be55-4c57-b798-724c8f30b281,Henrie Tuma
a970c3f4-809c-4157-b835-0801a43a9d8c,Jervis Wager
3232e87f-cf34-4fe6-9b63-70576416ca26,Modesta Shenfisch
d3bfdfe5-fc90-41fe-8d86-023550dc1cfc,Grange Jobey
ff7d17fd-77de-427a-b149-a0a9d3dd08ae,Jamal Thewless
902f1124-0aca-44a0-a3cb-3e7cd8aaebf7,Raimund Sterman
97417ea7-c193-4ea2-afaf-af12b9fd03a1,Rachel Lorimer
270922f7-6a51-4190-a999-a382f09072ff,Johann Fincher
790993ff-33a5-4c1b-b63a-b127f125d2b9,Gelya Derill
41bb4356-4d5d-4ecb-894a-8af8e6dbac50,Lorne Ferencowicz
b8bb1f75-575c-478b-97ec-1452c5aa1c46,Therine Say
326a7a52-9c66-44f7-9c97-63cf99d7cf25,Aristotle Sleany
7cd968ec-5dfd-404c-b3c0-ea210533bbfb,Timotheus Ohm
8b4782d0-b0d1-4f9b-bf2e-cfd5e02674fc,Lorne Shuter
5ed32443-1d84-4a30-8ef4-8a9bc6bedd5f,Myrah Banfield
ea2167a2-f30a-465e-89d0-bd81c6c5abe7,Lonny Fereday
2cb9a5d4-8aa9-4ca4-b630-b6ae4d085e34,Leigh Faull
ba38bb79-332c-45b9-8324-a82b59f7e83d,Vanny Langthorn
c29b0633-f4c5-46dc-af80-315abaf63c4d,Sioux Peploe
d27cc99b-bf54-477b-aa94-2818a9a4697d,Wolfgang Endrighi
0ba0f9de-feb5-4170-bb3a-a56ffe4b9ead,Elisa Marthen
4a38b601-c50c-4659-8a7c-1359eeb3d65e,Jamie Springall
15f69459-e033-4af6-80bc-cf8bf8db9717,Elvin Simonitto
82795fb3-fc03-4e1c-a12d-6b4738b69694,Dorette Timmis
d0ec3130-d0bc-4a93-a4f5-8abd15ef01ac,Marybeth Plumridege
c50d1c6c-65d0-4b72-8ebd-b080ff63afc1,Kat Petrie
b6ba21b2-09ad-494f-b482-5591a3ec021e,Charlton Bolf
7a2af77e-4596-4201-a609-6413e072cd8a,Neall Motherwell
b0369f98-577b-4b8f-8f37-3032a9095e0d,Gail Burgyn
42f07cdd-99e5-4bca-800e-15d88302fe9f,Poppy Boston
df2e665d-02da-4570-ac41-ffb8941e4df1,Brier Haydock
0305e913-fa68-41a0-9c97-ea9ead2b3ab0,Eamon Jaycocks
4ebe6093-eeb9-4f3a-9543-8145b1f40b90,Barbie Nazareth
317e6061-c6d9-4254-9673-dab005b6723c,Susette Waddy
5906b9dd-96df-459e-a90a-5007d96e056f,Faulkner Philippson
36db2816-33ff-476c-b9ee-023cf6676cdc,Elly Stroobant
83ca8216-c0ba-4639-8dc8-0cb07974c322,Ahmad Yeowell
11fa40aa-0f4a-47ae-8645-fafd5fab4102,Kari Hastie
28b8a497-04e1-43c4-86ac-71ae93d956e3,Patrizius Paddell
afed4920-2f75-4720-a33f-1f1fc310605c,Tedmund Orgel
a99f41ec-decb-4b22-b1ee-f3342c5af2d2,Karil Kirkham
1664d9de-e640-4ce9-b7cd-bd33c0589019,Marilin Rickerby
9f1e9934-60ab-4fd2-8574-f44904f97887,Farley Rickhuss
663ebdd8-ae82-4f2b-bb1c-2b58cdbd0298,Packston Twelvetree
ecf5a25e-c64e-4e8a-b2e7-94762907cb85,Quinlan Shoutt
cb1df4c0-1c4c-48dc-8b9a-5a40d4b3ad95,Phylys Blowfield
d537be8e-de05-489c-8591-41413978d265,Findlay Domleo
02b6cbee-4b55-49e6-a5f2-2f8fefbc4214,Almeta Peaple
eb64d058-415a-4237-ba28-9db5de32757f,Ulrike Huckabe
78628362-28cd-4c16-9cef-0a6fa4a961e9,Shae Patience
c9044665-9d9b-440b-8085-5c082610cd5b,Vivyan Huffy
e80e26a9-c235-4f62-bdd9-949eedf88e35,Marshal Oldknow
4bebdf3c-0776-46b5-b9a8-6ce776b692e6,Kameko Chiene
6e593db3-3997-4ff7-8f69-4ce5da40989f,Verena Ciciari
7075b5a0-0e8d-417a-b79a-dd1021412ae6,Simeon Selwood
91c3ea26-1814-4593-88bc-9fd990254a4d,Fonz Harryman
c7ab8292-b357-427c-88a1-25eac1b254aa,Anne Bowlands
cd955fda-a4f2-4160-8509-f9720234938b,Crissie Leither
e38b755e-c9ea-412f-bdf8-3be98d909cf8,Dirk Haysman
35a59a38-e82e-478d-bd4d-9752d57b4bd4,Dorolisa McEllen
f34eadaf-3a09-4575-b51d-d45199c4f289,Tabbie Dempsey
c7204385-1729-4dd1-91a0-7f603f876e36,Bonnie Cockell
29093ca6-802f-462e-bb9c-3df5f0364188,Jeramie Tower
b2861be3-4b95-478b-8071-1f8d7fa64230,Boothe Wrefford
730e934f-8a17-4cd8-99e3-a7478e0cd4ed,Katharyn Cuppitt
540f6c50-b922-4b61-800d-8d786bebe7d7,Reinald Schenfisch
769e013b-124c-4c43-a06a-ebe7d0796cbe,Roger Oxbrow
99d0a111-c049-4048-be70-cc90b780f038,Arney Milner
20437073-ff9a-4e7e-85e6-45015d8f3fe6,Deerdre Fessler
141a14d7-d105-4163-9412-d49164c2f320,Everett Largan
1271f42a-0183-46b3-9b58-0e9bbf1e0288,Matilde Gully
25e30eef-c9d7-4ea4-948d-c49f75efbb51,Helenka Donaho
6f210d85-b5bb-4c81-930a-0916c86fb096,Dolores Yedy
cf7f262f-4551-4a1a-abad-6370a289dea8,Selena Elph
ec2ddd61-ddd8-494c-ab29-1325a5d5cc86,Phedra Boays
b81c6bfb-f023-422d-ba48-4ecace65d36d,Alyosha Aylward
d79a44c9-8689-43e2-89be-52fc6d0aeb7b,Jerrie Robrow
3edf8813-6ef0-4095-9aa1-26588309bde0,Bird Preuvost
8acb164c-8dfc-4547-8fc7-1e3d20c5e423,Jennee Tomini
5bd2141d-6da7-4b4a-9d92-71b226a9ab3a,Westbrooke Hartless
260fa6ee-e31b-419d-98fb-49fdf07591b4,Ignazio Crielly
ca2c0bb5-50a7-4524-94b6-80634ae810d8,Johnathan Farrington
23f752d7-2065-4512-af47-fdf1fba8a937,Nate Cutts
c0e3d272-22e1-421a-a001-d113212fa4b3,Valentino Sparshatt
10eb60ed-ec43-4817-92d8-eea39f17d248,Bev Tanti
bc16d6ff-72b5-44da-944f-092c4dee1443,Jerrome Jacobovitz
92d0f8f8-fe20-4593-af9f-499adce29c3c,Gisele Hartzog
6e94838e-8156-41f3-80cb-a4eb61291dd5,Vachel Blowen
32615cae-052a-4166-8914-4d4935271140,Bellina Overall
422ef382-c893-4b01-9f33-1e9b227831fe,Alexia Bellow
b756a9e8-e898-4462-972c-1ccc9b25d9fa,Paolo Steptowe
f5581a6c-6ecb-45da-b736-402979fe11df,Elane Eccleston
5c0c4273-9a45-4cbd-93aa-ca541774310e,Clevey Grover
b2f9eeaf-1e80-49bc-9849-7849dba89ad1,Bartlett Appleyard
46e81dda-3d8f-47ec-b987-c2d00cd40e6d,Warden Fleeming
38034136-b95f-4e3d-b8f0-cb2fc866936d,Matilda Busse
cc2bc030-318e-4806-9dc3-8d867c116ca5,Malinda Chadbourne
638ce0a5-a727-4ba3-b464-9d85fc0f89fc,Ravi De Cleen
0fe262e2-fc04-401e-9d36-6d93ac9d0d71,Pascale Rubega
82a9d9c2-1331-4749-9121-4ba4aeb5e782,Tedie Gately
483b982c-a984-454a-bb02-b0414e0cf08b,Madelena Ing
714d90ff-828e-497a-975e-f4014febe843,Meris Ebertz
316fdd44-98c8-4807-87fb-d11758c3a167,Donalt Vaudrey
8934c403-7754-4c66-800d-e36d472f387e,Gerrilee Kalvin
c146bf7e-d246-4586-8cac-0c28dd9a81b6,Tim McGavigan
4c67e992-0edc-49cb-beaa-f14172fec2b1,Wald Bwy
abb12343-9187-49ee-8547-6c4597fc62a1,Cirilo Older
a8d6e885-0f58-468f-9b7e-b474554019b6,Clevey Blincowe
c0f0487f-0372-49c2-a731-42ecde2db05c,Jess Wheal
d618dbf0-706c-491e-ae1c-0045629694af,Frederico Cattini
3cfeb9f1-1eff-4d18-8a22-61b49adfcef6,Grantley Blague
d0dafe16-3652-44d2-a793-9bb30ae42a83,Raynor Mitie
794cd608-d6dc-48af-b1e5-3a85e534571d,Marice Lghan
e2d9b846-fcf7-4a70-95e7-b5dac3a76039,Wilona Gerren
9180d95c-18c1-402a-9b4f-e9c3a9514380,Sonny Simonato
9ac5f2e5-8904-485b-a758-85f17c120da1,Simone Durn
b8e0f819-9bb0-491f-a6a7-3edb419b31e3,Nathanael Sorby
7bec91ef-c615-442c-a806-0f39a0a29d00,Regine Greader
f3388b2f-a77b-40c9-83de-7c4dba8f6aba,Julita Rodder
4ae5dddb-82cf-4d3b-8000-6ad8aa73e374,Siouxie Tweddle
6667b676-3cdb-4d69-a40f-2ddc7f272a0c,Konstantine Vernall
162bd34f-31d8-44a5-a4dd-643859b6d52d,Duke Ffrench
07f9cad4-aa1b-42c4-80c0-bbaed4c5c429,Maura Hunnable
7bb3f6fe-3771-4d12-a7c3-eb048fa8d551,Lynde Richfield
c8ac6260-ce27-4db1-9eef-50b3b483ac76,Karlyn Tinner
b45601ce-f334-42de-ba56-7f3f561fce8f,Mallorie Tavernor
203e9c01-03b1-4c46-b456-c9366ed6f868,Gwendolen Gartland
7832d7fe-d555-430a-87cf-0a16c58b4734,Franklyn de Quincey
10f49ee9-192c-415b-b94b-67baccadc1ad,Madeline Bonnar
efba40dd-cc3f-475d-a6b2-70872c86f703,Odey Odd
31157754-e41c-4c4f-b71c-5e70b5867eda,Skippy Aimable
8ed86240-0446-43e5-aaac-2b2206b7fa68,Rosina Allmark
3923f9a4-42e8-46d4-a258-f631b38297db,Micky Roach
4457ca8e-29e9-4738-bbdf-118911bcd346,Genny Growy
baf74ff5-6890-4ef3-aecb-0d7f7d879979,Lola Cammoile
57f4fd88-89c0-45ae-ada0-1fad4538ed85,Chadwick Maffiotti
1689dcde-5abd-443b-9d1f-313118e65a5e,Hettie Ballintime
9a6a8cbe-d3e2-4e4c-8aaa-e383907dc3a3,Ulrica McCarly
daf2e933-8a7f-4593-9a67-5b5b35f1d5c1,Shepperd Vernau
89a2d76c-a95a-4197-a64e-5e520aba79c3,Karlotte Spruce
4bbcea5d-53e1-4956-bb05-916d169830d1,Hilary Cotterrill
ce03a518-dd61-4dd4-94e4-56589980ed66,Morissa Tofanini
587ed34d-6d17-48d6-81bd-b08e9caa8223,Lanna Woollard
232fd806-f488-4923-938d-569cc5c66b1a,Alfons Capper
9fc3b849-4aca-427b-a9aa-7b8a3625f14d,Murry Willarton
f843ed4f-b63e-43cc-a745-e3bb21c51476,Ericha Vedenichev
92984f69-beff-4f9e-99b3-8a35374bbdb6,Wilma Faier
f6561b0c-48df-4fcf-bf76-aeb85b69a418,Beatrisa Adlington
c82da2b0-7565-486f-afd7-1751d825038f,Osbourn Staner
fc641300-99cc-4899-ad3b-521f2425edb6,Lauritz Formoy
779d7266-cd9e-450a-b7b1-760190da8e9d,Fidelio Leyfield
188b08ed-e17d-480f-a2c9-35d4b71cc8b6,Rancell Ollier
c90762d1-081a-4316-a8d6-8c6dcd2a0dac,Marlowe Ferguson
655d25a1-91f7-41ac-964c-43d30b900fe9,Konstance Tapping
1d45e2eb-9d26-426e-b63f-3af3307c7ba7,Wenda Josephs
22aca0b1-a04a-4fa5-9abe-b634ea37688b,Reggie Olczak
9813d58d-7c98-499e-b32f-901f7647fca2,Karoly Grimmett
505eb28a-84d6-485d-875e-4f9c6d7e2782,Diena Gaylard
79d31919-f4d1-424c-8a58-ab9794a5bf6a,Tobiah Kellog
45128b03-6ed8-484a-9dc3-5cd87c69bd1f,Morgana Follis
8ac65df0-15f9-4ff4-998e-a19b69c90df7,Charmaine Trenear
f02ede39-05c1-41b9-9a6a-d61624f834de,Delia Keywood
ba2fdce7-de85-4a24-8840-ba570eddaf19,Armstrong Felgate
2c897a73-5eee-4402-83b2-ba18267b096d,Barnie Archell
9b28743d-c89c-4806-9d01-4eaad4dccfeb,Liam Newlove
72774cd8-83e3-4d7d-94a5-2ac0467d32a6,Jane Murrish
e28a5910-aa98-4ee3-adeb-62b90c438d59,Welsh Kiessel
43ec34ce-dabf-47a5-93a1-6356768d0d25,Torrie Skipping
e0ddd264-9c99-489c-905f-59f55211822f,Neill Workes
fe3c9cec-32b2-49e7-b27c-8b6e127be7a7,Brantley Loving
f1c866db-6b86-4adb-93dd-8b1ea1e381c7,Carla Kitchiner
ed42c81d-8868-4a1c-9493-8451460ceaa6,Hillier Ilyas
8c8f2fa3-eb06-4ce3-85b3-5f6ff4594e1f,Nikolia Ferraretto
1d6ab442-26d7-44b9-bc9e-e4c776d4f9b7,Sigfried Luppitt
6bd8725e-59b9-45e5-a1e9-b62ae823b443,Hamel Akess
18801905-806f-4ab5-9680-3ad8c985ae3a,Farah Beagin
4ddad486-d161-41cc-a4ce-bfe959eee732,Edmund Lorenz
9ab5305d-14fc-4a80-b138-5b782db812aa,Charles Linturn
b0b9d710-4132-4ccf-a552-0f8a1617f851,Marcello Hanford
71a5ca92-e06f-4ce9-a44f-26dfd9912c6a,Artemas Austwick
3a1994ae-dbd7-4473-9ee2-48f0d675cbb9,Franklin Faichney
59c135ae-ee89-4828-bdea-aa855390bcd6,Nicoli Raddon
a7eb2241-b36b-40cf-adf1-ed122c4ea23d,Rayna Gabala
36139334-95c4-4adc-b343-c8955e526814,Debi Hubbert
f8dab77b-f6f8-4008-bb90-df2037da8ac8,Allie Ashforth
5bdc33a3-6005-48eb-8f18-c901b0ff7825,Jeni Kubacek
8f777348-648d-4320-bcbd-c255359b88a9,Guntar Farquar
3aa92f9e-7cd5-409a-8d43-514529617211,Culver Mendez
2b12b99f-6f24-4133-8d66-fc3be39293b4,Tomasina Crucitti
9a607816-8a0f-4a51-b5da-c6e7e986c99d,Luigi Lygo
131f5748-7849-4dd7-9bb9-26e1d8509067,Yolane Greenway
3c680b81-697e-4e4a-9ac6-aa896fb1ab57,Hayley Reedick
4d8fa11c-0d38-4f8b-8eee-8bcdf9efdeb4,Devora Sturges
0f56dee6-8cad-491d-a81d-859fa03c19b2,Sarine Poytheras
301c44da-6747-4d59-a11a-ca4addb68cfd,Jordana Housaman
0d29d55e-94bc-4aac-b7a8-4968cfee3124,Corrine How
10e2e41b-85d0-4eb9-88dd-c5ddcde7c9fc,Ruthanne Ducastel
1498d33d-6546-45de-a3cf-5c369d36f74c,Hazlett Lewerenz
aeb3cfa4-f515-4256-8be8-90d8b5b7567e,Hulda Eltringham
bae453af-26b3-4b19-858b-45bd3bd22222,Lizzy Ballaam
13b05698-4036-45ba-8eab-0c5fae629cbb,Leanor Lyst
0a2cf887-7b82-44a9-bed2-192599ee0451,Alverta MacGlory
ed18df5d-0553-4ca5-b8ac-513eb62a0b6b,Chantalle Eagar
004102f5-ac23-43f0-9ef1-a83f84b93530,Cheryl Brane
f4fdb5d1-f55e-44d8-ba7f-4132b78d2244,Marjy Aloigi
bebce9af-5e67-40f1-aa89-42dc2b8c8808,Sergent Limb
01214f22-04bb-4431-bd66-8bf59b9247fd,Elbertine Woloschinski
43bb517c-56fb-4cb0-8f8a-eb96c194c2ce,Meara Poetz
e4225745-1572-4ab4-909d-e65be28c1351,Nora Tackle
51d26b5c-851d-45ee-9495-359dd3c11391,Ira Dron
533baf6f-563f-440d-960c-84edea242080,Justus Ash
0bd2d603-5892-4bbe-bb62-dcc79f320ae0,Arabele Bulfit
01543daa-dabe-4c60-8d57-9c53bc12064a,Jacklyn Pollie
1b65ba35-927c-4c42-8eca-20267c1ab9d6,Cullie Nield
b2f31888-fcf4-456e-8ee4-08bce6e8655d,Gisella Vickers
8ff081fc-5bc6-40b7-942e-3d509d8e5e8b,Matthiew Tichner
479f6ded-61d7-44e8-aea8-8551b5c21377,Tiffani Sunley
e8db1135-90d8-4c5b-83a1-c67480e3eb26,Stacy Radford
ee874ff2-be43-4248-80f5-1921040bacce,Aimil Hinge
c0aa63d6-85ee-46b5-bd54-aa7c4c56490e,Fawnia Longhi
2077161a-7bc8-4f95-b96f-84ae778c9641,Gwyneth Portch
c38b9b50-521c-405e-b9ad-9578603ac595,Thorstein LLelweln
8025466d-c535-4e1f-b89e-9fdb9cc78217,Shelba Clipson
8d0a71d7-e11b-4874-9658-0e7ea70277ac,Adrienne Melsome
3502ae7d-ce44-41db-a325-770bb0ed5f88,Selby Doorly
69793dff-4f19-417e-b47f-450f1e21402d,Cristiano Tenby
020aae99-37d2-42a7-8ca4-cb3b0383c472,Lance Hedditch
a8b87c5c-867a-4f6d-8197-7ba333ca2196,Linette Surby
50e96b41-ce6b-4934-a6e8-922a011e3fcb,Natalina Cordero
dbc159dc-0129-400c-9af4-c4a5be5406d1,Sonni Branch
ea3f7921-62b8-4340-b02f-6152c27df3a7,Eleonore McCroft
a342e56d-6608-445a-a6f0-35d067802322,Judd Ranson
e818f3ce-bca8-4c64-8199-e27df6cb4eb7,Tedie Joysey
bbb3a0bc-e83b-4d53-aac5-0a74e8349ed1,Maighdiln Henlon
baa808b3-f7eb-4956-bfc2-e4f16f397e99,Ansley Everley
eb173cc5-12fd-4824-870a-dc3e8ccc85ec,Mufi Rosa
a08a2de5-c89f-47e9-8782-f0de52c51fa6,Stormi Sposito
b1a056b3-7c84-4dac-b632-af1913a09bf7,Kelcie Longhurst
059b3f3c-44c6-481a-ad6f-053b652e79db,Archer Dwire
eaa54317-5be5-4be2-b2c3-f7913009494e,Aharon Gudgion
99f0f16d-aad0-4c99-9727-4e6e42b443e6,Arlinda Paulson
7c1becf3-eb42-422a-9807-27a23126ec1b,Debbi Robert
76cc6e59-9c19-4c94-972a-e60089efbace,Alanson Hemphall
14f035f8-4245-4e16-b962-ce0b60d50ad0,Thor Hartford
bbb62690-4dc8-4b80-8af9-a517adb3dd77,Alina Tremolieres
057881c4-2dce-4b9b-876a-f261f2f9e173,Adah Carruth
c179d11e-41b7-4229-b697-b9292cb449be,Ginnie Sandom
5916ddc3-a1c3-47af-adb7-e9f475c00d33,Tamera Sillars
c174e99c-14b0-466f-a2a0-81929b8a6098,Trent Whittek
b56dca2f-db53-44a0-9983-9734a5c1e939,Maurise Goodsir
8c1561ef-97ef-4bc4-9de7-fef08872ffb1,Keelia Dimitriev
1f44025e-f335-4b06-b1ed-a2743f4835c1,Nathanil Dyet
d8bb79c5-bf0e-4074-9a60-9c41741bfdbf,Viviana Shrimptone
6353a55e-6c34-45b2-8095-a703bad59ee3,Odie Lindenfeld
f6334cb4-3680-4ad9-b920-e522ab30238f,Mark Heelis
7338b60a-973f-4508-8aef-4fc592b340bd,Glen Iron
81990daf-9405-4b5d-affb-b4995b0e215d,Felice Flippini
81710a94-f645-46a8-b34d-035fb1337405,Traver Trussell
a3c9812d-d5c0-42ef-9ba7-9ddb86396446,Nevsa Shuard
5bb45c57-540a-4f00-b5b7-625deafb7634,Mead Jerger
59d18111-98c9-40f4-9759-3f9eeb32bb2d,Lothario Rumin
cc24baa7-cade-4729-a0b2-15c09e78ad9c,Sansone Eberle
697ea1cf-8a63-4f83-b0d2-8e53558d7495,Flore Kilmaster
0c7bc890-e36c-4b76-928c-1c55d3cfb9ab,Melodee Martinovsky
05f42280-b179-4e34-923a-c44ade6f6c56,Quillan Feasley
d45f30bf-84ec-439a-bbce-e5b8f71fe80a,Bridie Folca
077f2090-cabd-4490-a2dc-f351dd7184e7,Arlen Meineck
0bdd4f55-2832-44fc-b4c3-057727b1f22d,Connor Rikkard
50bb55f6-2068-490a-bfcd-f682f8979f21,Randal Bellfield
b69c2e40-95ba-4b07-9c69-26a3d6cb980e,Abigail Dood
513feede-ab2c-4b7b-9ca4-7d9c8c6e4bec,Kristal Phil
b6660511-145c-4fee-9938-2a31108bea00,Tildi Shreve
d7347af6-0b61-4446-9f2b-dfb5a0e6bea1,Roana Eshelby
2703d0ae-b415-48b7-8dec-99f42cbe96e1,Jere McPake
94ba7904-0b1b-499d-a066-2726c72eaa55,Ambrosio Gilvary
53d04c22-54fd-4c69-987b-62edd9bf473e,Ronda Butcher
b00f3506-2263-478b-be75-e3a424c5ac97,Ahmad Vittori
695a724b-3f5a-4ccc-afd9-3074bba7d681,Nigel Jakubowski
947d8688-470e-482d-a6a4-a9097281a249,Bevon Dowtry
81ef2ddf-4997-48f0-b9f1-1675c02c3180,Waly Crockett
992498e4-06e7-4bb1-a5bd-d9c2c89e9936,Zerk Vassel
174765e5-5e98-4dd6-b787-af263568baa1,Curtice Bohlens
a65665d5-2b17-4c3b-b6fd-44f4f004d7f9,Domini Ketteringham
0271389f-b373-4414-a058-b45961a77250,Eirena Bolderstone
df35fe16-52cc-470c-ba35-eb2ed1e0b492,Helen Lankford
b88bb78d-5d23-4d53-824e-760479c695eb,Joshia Domenico
0fd1c474-d6d6-46e2-8b6c-cc45d7d2b6ad,Guinna Rogge
3b1c7697-f08b-4a05-b38d-b37cc45d1e34,Herold Samper
f791480f-7670-47f6-95c3-838508fa0a19,Demetre Goodfellow
9d1bee6c-e051-4137-b21a-1158fc7e50ed,Ringo Loynes
c5b8f58a-cabc-4b93-a497-45927b502ebc,Carlos Lieber
72e78593-c0f1-415a-82c2-75faf085a7f1,Dee Bowers
9f0327de-7fa5-49ff-a486-6f5e19aaa269,Darcie Androsik
18b70439-7465-4664-b6ae-48ed57a776d8,Daffy Govett
67654cff-91c1-4f18-af6c-c5e43e0df0ef,Lotti Jobbins
5e1a9be8-0e5a-4c55-8340-1cb8247be595,Ottilie Lambdean
155bf103-d81a-4392-85dc-770f38f840e5,Tatiana Risebarer
7f8a125e-68db-4ffd-8914-6a65894c83a3,Jerrylee Bramstom
1664d008-3f36-4cfa-8cfa-6b94293d1c19,Ezekiel Goodspeed
0bc87780-38a7-4d81-85fa-4859fd7f777d,Quincy Alleyne
13c71fb7-d7b1-454e-8fc4-3435ee2e357b,Monty Katzmann
4767eb67-9144-4ea4-858c-8099aa1308bc,Aldwin Finney
0a773dcd-535c-468a-ae41-a84a45321dc5,Mattie Absolon
6949ef1f-b75c-4a61-91d3-55bff1b2011b,Liv Duny
5cfe0712-6ee4-47a9-ab6b-1e07c75c64d6,Nicky Warner
1c7f13ce-ac07-450c-905f-e3cbfb3e8015,Brose Costain
5bb8de97-03d6-4712-9664-aacec291a910,Shawn Ennion
e5a5e3cd-28e2-4ff6-b9e4-fc6ef8b005ea,Jennilee MacGown
60d61fa9-2524-4f09-904b-5575de82fb6b,Ryun McClay
0ac230bf-eb79-4d09-b088-730cb1226691,Chase Kither
4913a0cc-3e40-4063-a7f8-43279b9799b5,Jane Crosher
3295e0e8-4e66-4ea8-8d11-c7bd801b2bef,Amii Drohan
b9e97b43-fc78-48ef-9a57-5995e82aae17,Corny Payze
7fd70538-2561-48ff-8e35-3055f1c1c235,Bradly Franies
68eca41e-65b6-4735-98fb-c9f75a9f8f0b,Erminie Dyshart
467d2dbd-788d-427c-a1ef-59e00cfc959c,Babbette Stout
b64c62bd-d0ed-4abe-ad16-d626a8c76016,Jorge Mattielli
dab8aba5-1042-42c6-a78b-aecbd0698ff6,Sheilah Angear
b248a2d2-384e-49e8-a5ca-4d8524d9310e,Emmie Noteyoung
9aab9a47-69ee-4d5a-92b0-d7edabf5755b,Findley Jiggens
1d6f0b38-167b-4667-8cae-8222012475a3,Filbert Hubery
30052450-b2d9-4d16-a8a2-2e0513993cfd,Jilleen Sjostrom
b0eb92bb-821b-4f5d-ae0f-6b59172c4f6f,Muriel Vaughton
dc0ef500-c6e4-4562-b18a-cb448e925fa6,Allx Stave
e18434d6-b055-48a1-aac9-c58fab19a3eb,Rollin Unger
c74a8154-416e-4e15-bbd1-bd3fc13c9ee4,Sofia Beagley
5ee16508-80ec-4baf-b575-c689d28a051d,Claresta Whybrow
17718f92-c656-4086-96b0-f8419f929441,Madella Benech
adba97eb-fb75-4ed2-8f70-63be85b76648,Felicity Eite
b54321c7-ed4d-4111-9c46-bba37de2e46d,Jo Ioan
75085133-9eb7-4c68-8422-9fa1a4f20551,Sal Skillitt
e9450f76-6cfc-4b7f-aa6e-426689504efa,Bessie Songust
4b5c7376-3649-4444-9d64-fb4326ddaaf1,Krystalle Ismead
078dfe19-c74a-40b3-acf8-d1ba805e33eb,Tildie Housecraft
a9239cfd-1691-48f0-995e-5fc50a5ba7e5,Dierdre Leer
5167bebf-5726-4271-8bda-e6d5cb30e5eb,Clementina Laye
a62d91bd-5681-466f-ba31-cecc0690c4b4,Astra Bielby
852541b0-d98a-4c5a-8608-0d237b72305b,Graehme Ainsbury
2f75bb67-a147-49df-9a88-fd394610a3aa,Devon Bortoloni
309caec3-f0bc-4944-bb89-0c7b057bd1d1,Starla Frankcomb
4729938d-4efa-4430-9fef-cc5763a44415,Gussy Linner
777a0da2-7688-41df-9322-4aa2ab9696b7,Vina Kubiczek
7fa8f457-9e78-47e3-a5e8-8d93be6caec7,Brina McCracken
6e416dcd-bcc6-439a-8b01-e49beb1f8262,Mab Klosa
464b73c1-527d-46b6-9ba2-037599473841,Alaric Walsh
86dbebe1-9a96-4ca4-8432-0c4deeb66e74,Shaylynn Zemler
517f5ed7-6cde-4d0a-84b6-b8f685c76140,Auguste Berard
228c651f-0cb7-4cc1-bd6d-cdf3e1be19bf,Charlton Haresnaip
a319a34d-e540-4ae6-80c4-99b3c005db77,Aldon Kulic
4c5dda01-e839-43be-81be-fa60a5d6ef76,Miranda Dovey
77046d64-fecb-4127-8db5-34ad3b92beb3,Norene Obal
04da3734-4d98-4b47-9c05-94719579ae8c,Arman Mersey
793a383c-9cbf-4eaa-b6c8-b9009cf2a08b,Audy Bwy
5d64affc-bea3-4047-a8c8-f5f7324a5281,Tarrah Chazier
70179947-1f06-410e-a6d1-62673aafdc0f,Irene Malyon
c40f7896-1ad5-480f-8b34-e1ab10ae761a,Jermain Teideman
a95985fb-4a7a-45a2-9a3a-ff53116be2d9,Carolynn Preston
c08d767c-3f37-4211-ac30-17a2f06ea8a6,Jarid Eastgate
8fd0cb3d-ba17-4adc-a9a9-22accd0a5127,Fergus von Hagt
ef0d6b63-de5d-447b-ab8d-e21abbed4da1,Olivia Pickaver
180f79e2-dbf3-4f23-8a85-5d318db26b85,Brunhilda Bantock
766e2efc-c8a9-48bc-b687-ee3067f132f4,Bink Eberts
6d800434-1a0f-4718-968f-d1b3fa2a8dfa,Win Gledhall
fcf7f617-608f-4082-9aec-aabb526394ee,Isobel Dyball
88cae605-fe12-4d7c-a204-f2232e01c695,Julietta Jenkerson
38736f5d-34b6-41ba-9122-84f5c2339775,Leeland Gorick
f33523e9-d722-4ae3-b17e-ddb112573b6e,Herschel Goneau
e93b7a2f-a6ec-4c0c-964d-236f3de97ef4,Karisa Booy
79542d72-4b3a-4d07-8671-08bbabfff4ca,Spense Longina
4c0a978f-d3b0-4565-aa5d-500d96324b5f,Hali Braz
27e6c64d-a6fa-45d3-81b9-e7e8b2548262,Kristan Fawdrey
9d28bd5a-33f1-4f58-8f86-d73cad9917ce,Tamas Lorand
7b6cb13a-fc15-4858-a758-4a1a803b8e2e,Stewart Weller
13186d05-e69b-4ec8-ae5f-117e847b8b81,Shari Garmons
9676d288-b4ba-4719-97de-68e62efc39eb,Letti Cayser
7e93d0f8-b215-4a0e-8cea-dda6c0579c09,Mehetabel Plows
82fefcfb-3012-459e-bbd6-6e424cac1db2,Rikki Minguet
5da5e237-0ed9-4d55-8259-acd1d4ae41fd,Jeanne Baradel
b75da9ee-3cf7-42c2-bb10-d9c150626b00,Bab Beart
71975e19-f31f-46a1-b28c-586eba1309aa,Rosy Packe
ff30be03-8301-4028-9d0d-3eb939fa9dfb,Prudy Teresia
cf7f970d-eed7-4d01-aa8e-b613d001af97,Annabela Hartgill
edeeab46-7dd8-4528-9694-eb914842f4f9,Bertina Sterland
f2c92ac1-087e-4f6f-a018-feba62c83849,Selestina Boole
4dcea473-6392-4d0b-bca6-d3a1d8c6bc9b,Bealle Gibben
b742bb3f-4359-4a61-9ee8-3afcb4029bd4,Arnold Reinhart
5f4bebbe-9f80-4f27-a082-96c46e9a5cef,Valeda Strewthers
437c9158-7463-4633-8d6c-0fe8f01e98e5,Brewster Duchenne
d6613411-8615-40e7-a018-df1dc8b10241,Eva Ply
76d107be-fc3e-4b6e-8567-4be3ddeed958,Jemima Witty
4579309d-329a-43d9-a54f-d3a2132cf8c3,Ferrell Hexter
32ebffa4-2b91-4b0f-b79b-6d78bca02aa3,Winthrop Marsh
b4446200-a37b-4db6-98f5-b42227ba6e46,Johna Casely
b8a24f56-0b08-4976-b01b-dbe068de30dd,Dimitri Bauld
22b7e9a6-cb16-460b-9574-b3ec1618123b,Renaldo Skeemer
96bf15da-6f14-47dd-b616-121d2c7c357e,Earlie Lamswood
72bc65dc-f19a-4d97-a8e5-120edacea80e,Loralyn Rawe
3c416ce4-faf0-44f3-8acd-cf3628c34cd1,Gwennie Bettley
99f85c6b-ab9c-42fd-9636-cbf745c40b15,Licha Spore
6ff591a4-17a4-4529-ba23-6ea619719956,Rina Mealiffe
c7ad8a4f-419b-4ea6-a529-6386b008a2e9,Lilah Gilmour
e6ad93e5-e013-4fe9-8783-a7a231eaa755,Alyosha Breen
7f6d0159-7a60-45d3-94c1-1f8ca227c094,Kippar Follan
4a001e0e-5ca4-4a34-8867-8d356f1b2afe,Nadiya Redley
0696726e-f34a-4bc6-bda3-b29e8279a34c,Abbye MacKartan
c55dddc0-a203-4128-9de2-88b8e1574e09,Amalie Wetherburn
8364662f-f680-4903-9634-17e66275d0a8,Viki Comelini
59d8bad8-5d02-4496-b1a8-db2adf95540a,Thekla Bunn
bf8e295c-9b69-4d82-8ed5-9864a873bd67,Harmonia McCuthais
96ca2033-fe8b-445c-a8c6-17ccd81c136e,Wilfred Thying
0b779f78-ed4f-457b-9e9c-e5b2d371b4fa,Tommy Kryszkiecicz
9080375a-ba26-404f-b50e-cd9b9c53259a,Robbin Yurasov
50767147-1336-4fbf-9692-da1a5a0e2682,Papageno Fandrich
c461c5ca-8fc9-4c47-ad9e-29c091a2665c,Nerissa Fuentez
5c481e92-e4c4-412b-965a-df1e8a41a168,Othella McDunlevy
78706777-46ba-44d9-bc3e-30a4b4912aff,Emelita Morillas
c500ab34-4498-4754-9699-f86a73a086fe,Herrick Jacmar
e07ade7f-646e-4806-ba4b-c5f563097756,Oliviero Mattiuzzi
13f2cdd3-bead-4b3b-ad22-79bbd2cacc09,Terrel Nacey
64439804-64a1-4e80-b942-500407055e6d,Gabey Gossage
46f60bf9-758d-4aee-8519-1de73cee1cbe,Elissa Goding
1dab9987-91e0-4e60-b608-da0138d2ab41,Nealy Gwynn
5434c6a5-d98d-4f8e-ada9-33268635defa,Clare Anthoin
f7229b94-a3e7-4904-b0e9-be1e2fec02e3,Gerda Duckworth
dfb2775e-84ad-45d5-af4f-8056f140def6,Hoyt Aimson
b3c723bd-2df5-42a6-a935-e1c92cfd0e1c,Corri Filan
aa799568-0522-49b3-9881-f9a4c59eead3,Odessa Buxey
ef09cbb9-e7df-4aee-a725-6072530371de,Greg Kloisner
e24020a4-5a19-4677-9505-390affa63968,Daile Starmont
3c837222-b427-49e7-9e88-b90a574e740e,Aridatha Ferrario
59f8c36d-af55-4f4e-8a60-4b823a857e8b,Desirae Atchly
fb968489-2a9b-4f98-9e24-03f7d54fafcd,Lyssa Tatlow
fd566256-3482-4319-9728-c1b35bd11349,Nickolai Brosi
93499aae-f8ad-4a48-84cb-537d0140de8b,Kaja Taynton
ee58a1d1-a2eb-4f81-adaa-85a860a6da1b,Giorgi Lapping
80b4bcf6-6f4f-4985-97f3-f6ea5cf03e2b,Leontine Gethin
66e42c4e-afe7-43f0-a1bd-845eb4dd906b,Fairfax Bjorkan
157ee737-e860-4623-865a-37d741601c2c,Tabor Veljes
2f92d2dd-60f6-4be2-ab3b-e5af62787d59,Ardenia Capin
39b2d38d-8c91-4b06-9d8e-8d8b3f076e34,Elita Thomkins
dd02f4c6-519b-42cf-a1e2-755bb436e1b9,Anthe Ricardot
327a618f-c36c-4b17-b418-9b0f6af16311,Sayres Reeders
4a9d826b-db2a-4193-81dd-a29bb1660f30,Otto Charlotte
a0ec371e-5801-44c7-b023-f434a2d136a5,Cazzie Maddy
22263704-d715-404f-bf5b-26541c1cc4ee,Reidar Cannell
133bed89-5a99-4a7b-a293-6da9caa20825,Carry MacKnight
88e1f015-463b-4452-9e91-3f2980be9cd2,Dougy Briand
8913dd57-ad51-4df5-b7b9-9442a80794f0,Tobit Mee
b13241ab-6023-4852-b480-1b2d31acedfb,Lucien Pllu
8cc997cb-cc8f-488a-9dfe-cb0116d90f04,Vinnie Biaggi
8526979b-3cbf-4b37-b2d1-69bedd4debc5,Gertrud Stener
6cfe3bfa-0514-4ee9-b10c-a81f2b384560,Natalie Thebe
46bbe5b9-bf7f-4718-8c3b-8b4bc18a153a,Alyosha Gourlie
2a924d3a-b070-414f-81eb-b9e48ecce72a,Elladine Wickins
c934045c-a244-4e03-9011-8b12feab6bce,Algernon Ceeley
dc8a9738-aaae-4064-b50a-ecdf00d82793,Faina Imos
479c1943-0a20-4c78-9cd3-9986a8457ec5,Zebulon Finnemore
87e8fa42-dc5e-4481-a0b6-203623868aeb,Matthaeus Laughtisse
b5c6d290-fc4e-43b6-9024-b173e31fc519,Consuelo Ferenc
12a93268-0497-476f-8bae-ebef9bc2c06a,Carma Jean
543d340d-b8ac-469c-8597-b79bb8ff8d57,Stavros Sandeford
e22ac7b4-4a90-4cf2-9d52-54b6a81365de,Martguerita Ezzy
3dc1c897-a44b-4218-8372-69336c4c6797,Amelia Probart
537596a9-e904-4a20-9cbb-6173d2270aad,Valentine Cultcheth
e5f5c95c-9010-4bed-929d-6fdffa79e169,Chaim Gullyes
559a2623-4f3c-4c33-8766-bcb9ac4ff899,Nowell Molian
d6139425-1497-44c3-901e-4bf27c978583,Dian Bowskill
dbd3f066-bbea-4a22-8558-3bae4fd99d62,Cookie Etchell
3ffec036-932c-4800-8fc0-dbc23d62a50c,Hymie Milkin
89f00da2-a6e1-43f0-b6f5-1108567deeef,Violet Jiroutek
2ec2cff8-c69d-467b-aa35-18723a4a3e76,Vanya Rahlof
6eea536f-b43d-4bd3-b9a2-f8d84d0103e6,Karlik O' Hern
dcd61529-47fb-483f-913a-e79ea8a8cc6f,Dona Sarjant
3e2b56a8-b174-457b-a408-913a946f6ba9,Andreas Barrack
481fe24b-f4e5-4732-915e-8e8d15ee68e5,Odetta Ingerith
9b39713b-fcb0-4aa3-8001-0c8446c76d0d,Hildegarde Biasioli
6340a956-86b2-4dce-8b11-b144800dd76b,Allix Wandrach
b5ad6110-1fb0-4a65-a217-8f753dc11b52,Kris Gillease
01550e53-e435-4497-93d9-b9efb500b12a,Mireielle Bester
3842fefb-eff3-4b33-878d-288f60f3706d,Frederick Fairburn
a0045808-b2ab-4ca6-9dcd-932296919fbd,Mahmud Etoile
34012929-61a3-47a2-b912-0dca9e670470,Ailyn Simka
9a2c2f2f-f601-47d4-a4ba-8ef5611c422a,Gauthier Hayller
e87e52dd-4b4a-48e7-b5c6-e7a8e0811398,Cobbie MacEntee
e835e984-aee5-4e62-ad12-4a88423fc422,Mozes Dimmack
ff559d53-caee-4cef-a3eb-c8a2e74f89ac,Tonia Casford
196499b6-550b-4d84-8553-30b63fd0f1dd,Lesya Irnys
7384e7b4-9855-4839-86a8-542f9e9cdfe9,Gabriella Vick
4ea49d5d-d4cd-464f-879a-a5e2cf175947,Janet Ownsworth
5a2c5455-b3b7-4580-8daa-fbde51fd63b8,Karoly McRamsey
7026252d-9cb2-4ee8-8d73-d1869df7c0d8,Tabina Bendan
62e02cde-17b9-4131-938c-decb45b53cd1,Shelli Enevold
6c80d644-841e-4180-b7ee-8d1de1f3e21c,Ferdy Kynge
8e7e0846-c2b0-4970-994d-28f6868db8f6,Maureene Antosik
e445ade6-126f-4c4b-b7dc-a9ca3257d34f,Hamid Chesterfield
a5cbacfa-efb0-444e-9664-9eee6c7065b1,Devin Cluett
6a76f916-1437-4ba4-804b-3a4b227a24dd,Marcos Howett
e0e79305-508c-4abb-b88f-5c323e9ae2dc,Humbert Hellis
b46910d0-bd65-43be-9622-f1f01799c162,Link Hazard
108a9c96-20a8-4ae2-945b-cd3c61ba80f0,Emmett Rhodef
d7919d96-5c28-45d3-a1c0-183d07be7cc0,Courtney Aldrick
0d73943c-9405-4a92-9f4f-189387be737a,Darby Gerardot
31cf5e86-0d4e-4dd3-b677-d0397481e29b,Eveline Elia
6eb4e5e0-8162-40f6-81fa-d596edc89f0b,Shanie Grinaway
d5b61e1c-1151-429a-ba47-67bff7827ac5,Derrick Curlis
88352a8d-10b9-4386-a31c-4ea9ab16c54a,Dalenna Emblem
58e25820-cb39-42f3-9f16-af7fdaaf4dcf,June Thonason
9b010954-a29c-4fc1-81c7-bdea1c985592,Dimitri MacMeeking
2ca7849f-9268-491c-aff6-9425bcf9245e,Pasquale Baudinot
a4528d6e-a343-47a9-bd55-ba979cdf7d6b,Lexy Fildery
a0564a2e-4e29-4ac1-b77c-3253827e2d12,Cleon Pullin
6a8f8341-5eea-4a57-9555-1a1cf8cbe4ad,Dori Doorey
f526781e-d93d-42a9-b5d5-7fe8e632779d,Morry Rawcliffe
f386495f-61ec-4236-99bf-2e3c993f7bba,Trenton Marsh
40ed6d24-d480-45fa-b7db-02c8398a2935,Priscella Whatley
50223dcc-b5c9-4e98-80dd-b461ab28eb34,Dorene Care
d8195d37-6755-4262-93b7-b87cbcd9f96b,Garvy Rickson
8aa9fd8a-6570-4172-bddf-3a07de3c09d0,Michaeline Knivett
bc5e0d9c-a507-40ab-be0d-556b7ba0a9f9,Melantha Chaffer
6e1df502-5529-42b0-b6fd-7d802f4b84f2,Maisie Fentem
b1cad80d-cbfa-4dae-8898-7c7f06213bce,Chandal Weale
9fe51799-1a08-4bf1-b7fc-063462f73cca,Ellis Ganley
5547c5b8-450a-4bdc-a244-189e3cf365f7,Timothy Alps
89135ec0-9ab7-4c85-a5fa-a46d583b10d5,Chet Antonio
9bd1f48a-0aaf-4912-99cb-4b5dcc852e52,Mona Wewell
47d3bbbc-164f-4ba8-b109-a1e5504008e9,Bradley Orrum
b7817b2f-9678-4c72-880e-f55a534c5819,Mellisent Deners
0727bf45-b00b-46ce-bf76-97b0831b203c,Ondrea Featherstonhaugh
0c2f06fb-11d9-43ba-ae80-1d95b1b002fc,Nissa Thurborn
e138ce0a-8758-45f2-9b67-b65c31654fce,Pincus OIlier
45cbfcc7-9eca-4d18-a7c1-c7e4b8664b6c,Calypso Sells
94a481c7-7de9-44e0-b3d7-c91979ccb63d,Athena Bassill
f1bda854-c0af-46b2-a0fa-d9f283f23c45,Gunar Lackie
73e294ed-b580-467f-b543-742c2aad3fa1,Francisca Dods
f2071533-2937-44c8-b4f4-9182a6d334a0,Kylen L'Homme
449dbf6c-be61-468f-a8b2-ffd06f497c24,Raynor Raikes
604d1294-f3e2-44c2-84a9-34040db57753,Mignonne Bento
e1f781d6-b0bc-475f-b5e5-0fc59b9b2270,Eulalie Baldinotti
f03c961b-a034-4527-b086-fe59ea9b3c78,Kyle Stoodale
6680cd01-8528-4443-a043-7becb3585a9e,Maura Lunt
0f90ece6-ca8e-4d69-9126-37f21e41b68e,Cathe Oxbie
82cc80b2-4db5-45b7-97cf-239d20690f68,Neille Roblin
78702ed7-4fd9-474d-97b3-f98f14f1d7b8,Ferdinanda Oakenfield
9bdb85cc-1ee8-462b-9d3c-66b51c1c7e00,Armando Falkingham
00c405cc-b58c-4445-b36f-30737ea5b5a0,Eugenio Balazs
7cab8da6-c014-40fb-b487-41e3f58449c3,Joete Solleme
4e691607-d2fa-4ecb-b79c-89ea5432a742,Alberik Forcade
89ea2881-e926-4a04-936d-8d22187ec87b,Lotti Bidgood
0d9049cb-6293-4307-b286-16afacc3999a,Darci Verne
533ba7d7-62da-40db-9e74-d269b5e72e53,Amelie Kelf
3ed97a3f-e52e-46e0-ab93-1ba41bcc1176,Joni Hulatt
5267d8b6-5f96-4197-9a61-f8a0a4b0a487,Tillie Morrowe
1381f5ed-dc3a-4362-bbe1-5b357a14ffa7,Bonnibelle Weippert
81fe5ef6-ea2e-4ead-a7f3-b48b636bcbf2,Karla Banton
c80c54a0-6098-4780-8a71-d209d6f80394,Melessa Pechan
1e98fce5-1e49-494c-84c1-86a9206aed55,Sosanna O'Hagan
4df879a2-e5ea-4225-af17-dc140b46d84d,Karl le Keux
b31b9e7a-ff1e-465a-ab02-8a885fac7d4a,Reba Shenton
4075959f-a068-4f47-b056-6be5094ed50e,Sterne Southwood
3340d805-fcb0-4484-a8f5-dd927d18cd8b,Chere Gissing
c69740fc-4ecf-4dcb-ac46-e5d552564588,Oona Guerre
deddc6ef-3e17-4cd7-895c-71ffba368e6e,Ed Beadles
292fa4bb-8fa2-4c98-b99f-64b35ad3eb64,Webb Anstee
2fb94429-6371-4a58-8884-9e56264c0b95,Jasun Vidineev
fdd66f02-9e7f-4a24-8c72-7276a6e0c830,Pietrek Stredder
8ca24a19-3863-47ca-9d24-3b25ba05d809,Sinclair Sheards
fb8c4b9e-44b6-462a-9257-a8fd0e59ebe2,Clementine Milton-White
7db9ffac-70ea-456a-b76b-cef479d3eb15,Meridith McLemon
a01c336b-7c87-4960-9fb9-9bb42d5c659f,Paulina Hannis
0924c519-588f-44c1-a54b-1c58e175cfdb,Esta Dewire
e48518a7-f88b-46cf-babe-f1381ee1d2fd,Clayborn Mendonca
43efec15-ad09-4776-b32f-651b7183b185,Sheelagh Asee
fb05f923-df50-4ab1-a38d-c6bf0c0e7222,Hamel Brozek
a3bdc58f-5088-4e00-a362-6fb333dc492e,Glen Greser
531dee39-fc0f-4f88-94e2-21f8dbdd84d1,Korey MacVagh
ab302861-de35-4dc2-a6a1-1541c844bfb0,Zonnya Eburne
fd0f911b-f6f0-4997-be78-3db23f5b0a14,Kat Mulder
d38111bb-93bb-4306-81fb-04daa52362c0,Gates Tratton
e914e0d4-da47-49c1-ab3a-9fc238f6155e,Bail Lusher
29111764-969f-49c8-933b-346a255ee7f8,Else Best
77842ba7-e9a8-4d45-811d-bb0c6b6b7b8d,Lewes Scarlett
43a16a76-41d7-4b5d-8b52-21fdbe2f01de,Ephraim Andrivel
e09b3bb1-5e17-4003-906a-b67e753e3d52,Townie Heaphy
c041be1c-44a5-4724-b230-9eaa8b3fa1a9,Dido Rosenhaupt
6951f366-ad13-4e7d-b43d-4a7875e8f9fb,Melanie Rounsefull
2f90eaa5-02b1-48ba-994b-8f3cbe511642,Sybilla Molan
6308d1dc-66e8-428a-8a89-b79da4f5ef6a,Fara Cattroll
810e0366-981b-4214-8731-fa6eab7a718f,Timofei Bazely
27cf3424-509e-458e-ada9-5586fa39720d,Cleve Cooling
d9853a43-8691-493b-891d-a64c897e32f3,Trevor Gianetti
d19c454a-33d6-4059-ad37-404f3b57aa33,Alana Gwilliam
d0330e37-e0d6-4374-9e9f-958e7166d776,Fidelio Sexon
9195c677-40d9-4462-90b5-7369838b19c8,Karola Guyot
d7c63ef0-a554-415b-a373-95b9b690f2df,Wye Gallahue
fcd7af3a-b805-4734-bd55-3b389f2a8c2b,Florrie Rhead
b278a459-5e8c-441e-9b65-60a3509ec16c,Elliot McCard
4a4d8aab-24f4-4fa9-884e-1835bcea49ba,Krissie Lux
c7a3f7f7-e4b4-4524-94d0-987c45555846,Bart Kenelin
68f87152-5756-4a36-b467-29e319902d7e,Jameson MacDavitt
6ebc9b30-20b8-48a4-be90-2ea842f9078f,Hammad Caesman
1b51d806-7381-4652-8988-bc0661d1a9d2,Sissie Hutcheon
21f0b247-b603-4654-9f95-93d814b009ea,Rosana McGeachie
31541e24-28da-4e47-a4df-ab0973b5ab99,Loren Dickon
675bace7-731a-4778-9d72-a86501195202,Celine Umpleby
7eea9b6e-0d83-471b-8ddc-9459afc2537b,Sherline Ranger
da41b2b0-173e-4bb9-83a7-fb31f036cd0b,Dale Butchers
f6fa4fb7-8eb3-4a8d-a1e4-d6e41e3c2d85,Abagael Bridgens
3e4ad713-998f-44c0-8315-0c9a2e00aa4e,Berna Cordet
4e871bbc-8634-4008-9549-4af9bdce0423,Gerald Ivett
932f4782-11a1-4bd3-84ad-fb69f7b9000a,Isadore Graber
b5519551-297f-4cee-824f-bc8be45b257b,Gretel Lawlor
4b4a4257-2a1e-4147-8e58-0b304cfec2de,Padraic Georgeau
b788f8ba-fc27-4ede-b14f-02bf66ab4c97,Dolly Bryning
2fef81f4-9bc3-4d25-9e7d-16dde3c262a9,Bruis Whittall
edee9d4a-c5a8-4417-9b9b-08817cc0a323,Brigid Careless
a9fb3e22-d1b7-4509-8469-cb452bf187d1,Lucila Maun
963a5086-5251-4acd-9647-a0e30e0c025a,Cosmo Rawstron
06430e09-f14a-476a-88ac-6187a8cac94f,Hobart Mcsarry
4cb9c2fe-5d89-4722-b68e-5e5184ca6487,Graehme Nucciotti
bc5bbd56-61d1-4788-ba80-5a913b0c49fe,Tallulah Denholm
1c14e2a9-0af2-44df-a53e-b8b96e4ac4f2,Tani Beatens
339a2d91-96de-4c67-ae68-e7ac6c7f6cd4,Cordie Succamore
b5693bd0-264f-48a2-ad7e-320421df9a1f,Armstrong Yetts
1ef07dd1-fe84-4c2a-b117-390ffb454139,Evy Keemer
74166cdf-0b79-4811-b79d-3075d4194058,Justin Jobke
ebbbed38-c434-448a-a68a-86c1ab14c7b4,Mendy Serraillier
af3b173b-8e19-4f25-a979-e8a66844c6a7,Cherlyn Meric
7872cce8-5b51-4b67-a472-f9a76210e996,Kirby Dyball
7d964eb1-a0b9-4271-bd14-f37a4fde669a,Otis Beels
9f6001dc-1d2e-4c12-9d7f-de1de75fd6c5,Vyky Elam
ea513dab-1fad-46aa-a0c2-e135efc34710,Clarinda Cattermole
871311f9-a1e4-422d-979c-67fd06d0cba1,Em Grand
77eb5c08-b5b3-4460-805a-cc43dd546483,Lettie Jockle
3042b579-0ac5-4594-b14f-5866e21a3853,Taylor Costelloe
6463d647-feee-48e3-8c52-2e98073d52c0,Olympie Denyakin
d1f9d53a-90c7-4400-87b6-7e9eea5f739b,Elisa Sailer
414029c3-b95c-420e-8ae3-e130b24b041c,Joelie Wooland
74a66a08-ca6e-46d2-8df1-223fba37b0ad,Aveline Talton
aad33bc3-ab83-4160-9d5a-662a637bba65,Hewitt Selby
4f2e141d-e3c9-4c9e-b5e4-9d2a50896bdb,Angie Hirsch
1880ffa6-676c-4c4d-a2a6-c8059ae58bb4,Harper Dungee
0488c305-c669-43f7-8a2f-f7a5c238893b,Cornie Finney
cc7c4e3f-505d-4123-9173-641653b192ac,Ninnetta Frodsham
5a17e58b-0bbd-4956-9c30-25a8081ede9b,Sharron Kleinmintz
1cb6585d-43f8-42d8-b433-9701bff0ddff,Kurtis Fritz
71d270bd-b671-476e-ac2e-6015b3917ce9,Ely Blackmoor
6b759b49-38ba-48b3-8d2c-f5bb28420e14,Sophia Santostefano.
ab4d8b44-9ada-41e3-95c4-273736736cc7,Kial Drogan
a23c75e0-788e-4584-b714-72efdd1de4e7,Honey Dubbin
950cac92-d8d2-4f6e-9c67-836b23b5eaad,Bobette Maycey
aae5e5da-efb6-4c67-8017-aa9d9bc84a7e,Elissa Holcroft
db14197b-5649-48b4-9f0c-0b2972e0a622,Nate Azemar
12f45448-bff0-40ad-82f3-1491ed4e0090,Patsy Huntingdon
2621f904-1687-4b76-81b5-c498a9a325c1,Webb Tapply
c01c85ac-358a-4212-b3ab-3ad3542ee875,Abeu Redan
5b67c29f-c0d5-427f-b08e-9183e9a0daed,Collin Cheel
66873751-8fc3-41d5-af22-e743d531ab29,Rafi Kupper
b425f5ea-be7f-4ebf-89eb-96fd298b7ff9,Jeane Klesl
34d54f53-4c29-4888-9f01-b20c5695520e,Desirae Gissing
d6327c57-58fe-4c3b-9b24-155a21291510,Maximilian Moyser
a8a3d0bd-a76c-47d9-b725-7a98e36602d4,Evangeline Alanbrooke
543b5369-85f8-415d-9d3d-07b069c8425f,Julina Booij
f40e9fc9-a2e0-419c-a9f2-586952863f19,Catlee Van der Beek
d02a22ab-15fe-4786-9f92-d8984a9d230d,Antonino Wasson
90a05f80-d8b5-4326-945f-a2aeaf03c45e,Sheff Tennet
d3c811bb-5476-4c9b-8a2c-7b4ccc11e42e,Lonna Sabathe
8c3f2169-59a5-431a-9f9c-7704f9c0303f,Stanislaus Tarpey
c3d2d1c3-cd10-4174-9eb7-807eaa8eb5ba,Pablo Freke
c17edb44-f693-408e-80e1-9a281e046807,Trenna Grute
77fdfc2e-2ca2-4f80-96fa-e7b63092aff3,Giacomo Pietersen
85e06275-5b46-4be1-8654-578c994ee4c6,Felicle Georgelin
7844287a-08e8-48ce-8405-1084e05d0ae1,Averil Cadd
af10f4a6-a541-4db7-8972-27c576824473,Harv Domnick
829da3c8-7f9e-406e-a35a-07213be29fa6,Elsie Delafont
a2facdbb-6233-4a4c-9560-22c2f3c329e3,Mathew Frift
49fea080-bea9-49b1-b3f0-200b3d375e06,Kennett Ivanilov
99e5732e-a65a-41cb-b238-176b891719f7,Patin Issacov
8430f2bb-4e72-44ab-b941-82f67d2d57f3,Maurice Furneaux
aeade1ab-5566-4b46-9736-25d40ba29be9,Winston Elies
8108f221-6968-42f1-a833-9a1b9c051ff6,Rubie Masterson
5dfe6dc5-818d-4dab-a0ce-20b016bb7cb8,Zarah Bigglestone
74c2d3d3-449d-448a-8e51-b7cab820bb72,Ximenes Gatenby
f168d222-0d6d-4bf7-a68a-bc608273d147,Keith Folliott
c8428786-bcba-42d6-b000-bbbf6041529d,Merwyn Mattimoe
1b276b52-5155-47ed-9a0d-ac688d2cc9d1,Leisha Matzel
dbce2788-9934-413a-b2c6-920bcbd583df,Tait Shurrocks
9a5a9bcc-7801-48e9-9ef8-779cb509b52c,Olivier Buterton
a4d38c92-f4c6-4f33-9262-395baf00469f,Colver O'Cullinane
c170ac40-c6af-495e-ba3d-f0cdc94649a0,Zedekiah McWhorter
4d78dcb9-a459-4933-99e0-f1e3085f7d49,Shelden Stocks
185170ef-50dc-40a2-a5ab-a0aae257fc2f,Jessy California
ae1c5eba-3da4-4dca-a3a7-0a8d87438349,Broddie Snalham
e57dbfb9-2372-47df-ac4d-209afcf148e6,Car Ashelford
999fd092-6df2-4792-82be-97ee332fdc50,Shannon Childerley
7faf2cf9-db32-4e9a-9a89-71d3bf8bf78a,Ikey Pescott
903a744d-333c-4936-b51d-e589caded243,Judon Itskovitz
d6578d20-dfdc-47e8-92a6-41f015ba341f,Marylou Bettison
0c29045d-f6ef-4161-a674-cf7b782fbf8d,Maxwell Kimbell
8db592dc-595f-49cf-b6c4-e7fd7ec113d1,Rowena Sidlow
dc69fcb9-ad7f-428c-8606-dd2bd1327192,Kial Roebuck
6f8a8c7c-7752-42a7-bf56-0d0b0e61dc3d,Suzi Brass
13948861-913c-4c2d-bcb6-6bd5d4248fd1,Alexandr McCormick
b190304f-ec24-4d18-8a44-68e3e875c3a7,Christy Pedder
211343d2-6bae-4df4-a063-a057af684815,Davidson Chatwood
7c6e502d-a117-42e2-98d9-2f2c803df0e6,Hyacinth Jeyes
c9eb3a97-4baf-429e-9474-b0645a19b056,Conan Lawrenceson
bd7298a3-40aa-4ce6-9dde-58c0c413b331,Cornelle Andryushin
41bdfd0e-f948-4674-86b1-b068ab264207,Joela Randales
daab02c2-a9bb-4d39-b445-90815f498f36,Tanhya Portwain
bb6165ad-7ebb-48eb-aa50-a35a1eb11554,Orin Daughtrey
6bf4edcc-f6e4-48cf-b8ae-aea33a0bccd2,Neile Doding
e4eeb9ef-a96d-45bc-b7ec-ab732d1617e2,Clayton Eyrl
708b17bc-2b82-4c45-82da-7d86c07c534d,Heidi Avrahamy
6b04b251-c62d-4406-a235-7d37fc99a28c,Sinclare Redholes
573e4b36-6769-40a7-b4d8-e15a3b94eea6,Charo Opie
b5a202dd-113b-4cd5-8ce2-eb11c39ddf32,Ammamaria Fleet
1290998c-b4cd-43d8-a77e-8dc9bbb11d35,Raffaello Ciepluch
d68a4f3d-d1a2-422d-8a5f-ab59d66c9759,Danyette Sedgmond
a2da63a7-b93d-4cc2-b348-c01e851c75aa,Robin Morcom
a06a3c98-70c4-4cb7-8fe2-6474016e7da5,Ignace Wallbrook
f68ba162-50fa-438b-bce2-e6bea8da31a1,Delano Pipping
01970af0-0120-4012-83da-0d643e4d2871,Zachariah Cornehl
bfd91183-652b-4c0e-a4d4-e0d7f2a1b6a9,Alberik Colbert
4a6ce9d2-1e98-462d-8277-1d08b00251e1,Wilmar Hullins
935c478f-bdd7-4af0-8188-596eac6ac4a0,Jacob Ebbitt
f3705c31-b43d-4872-b700-bf1c20cd066d,Adelind Ferber
753ae485-cc88-4590-b93b-ebca2d6c00b1,Arlyn Close
621c5c28-abc0-4557-9793-5002b558cf04,Cherey Oldnall
c7dcae4e-d0d0-46a1-b5ae-2b13217c47cd,Leann Lavigne
420eed6d-63eb-458b-a77e-717d693d9c0f,Yevette Gabel
ee2ee070-c8d8-4101-a800-33e8d8a91f66,Tremaine Korneluk
e144f1eb-4104-4107-bcff-ae1cc8776218,Bryant Fielder
92386cb0-8ecc-4ca0-b4fc-7c473fee26cc,Carlen Charette
2103a162-c7dd-4daa-b77e-4284d5fe0c98,Ddene Connolly
86d05f0e-a9c2-40c9-9b31-5c9e089be9c6,Obie Napier
05dd3892-5714-40e7-af7e-f8818619dc17,Leora Gear
3ba26408-b22f-4052-bc64-ef9ccbb7ff5c,Ilario Schlagman
65f9c137-1d02-449f-befe-32d8dc97d94f,Darby Terrill
cd78f196-1706-4d97-ac61-69c8b3ef6f85,Hamil Annets
5a5e511d-ceb4-43e9-9a2f-ba54f4e7968d,Edan Powdrell
3b7f9f70-1a9c-406a-a6d0-03db6dc86369,Heda Caro
75f3e47c-ec72-47f7-802d-767f874fec35,Consolata Wedge
24c8d09d-6cda-4e9a-aa1d-513225263ee9,Phil Drane
6d73586d-d65e-4fd6-b5a5-0b8a1b2c9e1e,Bethany Brimblecomb
d73f9e03-cdcf-415e-9078-46f93d00f632,Gabey Varker
582d34cf-0e1d-4ceb-b94f-56c7953860ae,Correy Buckerfield
6fb370f5-085b-4c89-a4fe-73c66c287c0f,Timmie Pendrey
ac0c514f-9730-4c4f-85a1-941f734d84d3,Nikaniki Pendock
d469d520-76d1-48ee-84e9-770239a2d102,Emanuele Seavers
31aa3a74-951d-4d26-9818-f184d80f789a,Adrien Kuzemka
66fdd4b2-78d8-47aa-b3f4-60975a5ed430,Marv Kopp
a3d35025-a19a-49d3-8a0f-0698305fd661,Freda Claire
ddb8557d-ec38-4f3e-9a3e-aea15c7befa8,Kylynn Tillerton
e118d5b3-8954-4c1e-b0db-4609429b7e70,Wyn Khalid
513fa0e0-bf2f-4a39-ac7a-d67938f74afa,Zelma Hannond
7949377e-7015-4c65-a49d-27c418b2e071,Sarette Dullaghan
e71e1b16-e16d-475e-8711-d7ef27cc2d90,Rudie Garrettson
ed03f010-af2e-4c11-937e-9624fd4f508a,Hendrick Spelling
9c164581-11dd-43eb-bec8-572c687283df,Ewell Stedell
c23b7a1f-609f-4cff-9e0f-851a337f1061,Sterling Ailward
39addcdc-1782-40a9-9eb9-cb8b243db0f7,Thoma Knill
baf025d9-47e2-4a48-b5eb-4510a3b6e2fb,Tallie Hayes
3a35a731-5153-4d11-b154-15b18977e63e,Panchito Hourston
283d3a03-4d1b-4626-8323-28b3b6686eb1,Antonino Beaumont
f772d4a6-7c65-4181-abe8-fc6ef6abb1aa,Tatiania Anselm
18a6b816-b953-4fe8-a6ea-6ae0fd079478,Tad Tarry
b82ba290-5ca2-420d-b50b-860c0dfc6f84,Wadsworth Taber
b1333c7a-1a19-4a2a-8e86-5550213d5a68,Moshe Andrich
9e1ea832-f14e-40c1-9f0c-9758ecaf1de6,Cicily O'Sesnane
567edbaa-3370-4eb9-9f23-d1f28b1f61ae,Gerri Devers
a77a54c4-6b38-40e9-b0d7-e9afd8c9924d,Patti Fellows
55ef14ff-68fb-4091-8563-62578b2d31d8,Rorke Orgee
44b4323c-0cc1-4183-8cb6-cd02aeb05750,Mair Delamaine
42e052b9-cea1-49bf-ae9c-c3779f359e72,Randie Perrelli
dca61706-9b1e-48f8-a35d-a46edd1f4427,Ninnetta Knappett
50c689e7-bf7b-439a-a636-114028d61f2a,Booth Pauletto
211eed1a-b052-45f6-a13b-f5daa45e49af,Melinde Merriton
65da5b55-40bc-4c67-a09b-4b01f115a67b,Elysia Heake
eb4dfeff-7b03-4f2f-b47d-29b3a0d99715,Virgie Absolon
df350ed0-dd34-4a37-be91-6921ec5bd902,Carri Wolverson
5f533450-fe42-40d7-a3c3-23276e6ad55e,Jilli Crasswell
29f724d2-e66a-471c-a0d7-4afeec4ca773,Chauncey Fairbard
0f9ed865-eaba-49c3-a5e7-c5c9f0dc8d60,Addi Aharoni
cc903681-0570-411d-87a5-ee858f26640a,Wildon Fuller
eadcd446-3abe-473d-a517-229170c3484a,Godfry Oldacres
a4a34309-414e-4dd9-a4a3-868f92b00f80,Bard Hosier
55cbee66-cfaa-4886-bf3a-a99dcbda0702,Cyndie Overell
045dad6a-56fa-47b2-8f2f-ec7d498c57a2,Thadeus Twells
1640db5a-eab6-47ba-93ee-28a1ec725a24,Olive Softley
01ca430d-797d-451a-a89b-96fb8816ff90,Bertha Housbey
2500fb54-37d6-477a-b766-890064facb50,Jeffie Houlworth
c6490ab3-6f16-426b-b035-2e02e9674c59,Leontine Favill
38564981-1f3c-4852-aeec-753edf12217d,Abbey Maggiori
e965fd38-b63d-49d5-b396-90befc0b5af4,Annmarie Please
830d5103-f9d2-469e-ae27-f9fc709a37d3,Lilia Tanzer
8b336c74-6c92-4f26-a3e5-19ea36af193d,Elsinore McCallister
c962cd06-63a0-42eb-ab97-fd36d1574152,Constance Gillian
8d8bd435-bdd9-4bb6-821a-94ca97070afd,Sheryl Howat
c9589e79-1438-4651-9401-5ae2329d6c43,Athena Burt
b79ab0e6-cdc9-4847-b0f2-2c23c7089994,Dulcinea Furphy
8ad11efa-9cc6-45d7-872e-a7deb9b124e4,Salaidh Hearsey
ca4f8b83-d7bf-4bbc-812a-25d57a5195e1,Kirsteni Adcocks
6059c9e3-5aff-426b-a112-86ef5b722f37,Clarie Fairburn
9b36a5dd-36a9-41ee-926f-37f3dbb56cd6,Fred Willingam
68ee3e94-350c-4d84-85ba-7c08ec72a46b,Corabella Mathie
a98ef587-3677-4dc9-b5b6-3a6c641f1b4c,Lorilyn Daubeny
5938fc3c-1d86-4b3d-9f68-b1d641673e70,Warren Ashurst
a48e89df-e366-4484-a492-24919d29d727,Vaclav Burnel
e6663a86-29b9-46ac-bb88-564cb2681d40,Marc Dransfield
d2820c76-623f-41f4-bfec-c62e8605831a,Ellerey Burridge
d63c7fb8-08f0-43b7-a5b6-c2906603a62f,Adolph Greeve
255ec0a1-c26f-48d1-8440-bf6a9a7c5e1c,Gary Dinsell
f22b8e77-d310-4a86-ad07-bb72a1aa79a8,Isidore Falkous
f2e92435-df44-452a-b506-ca16c3d7de4d,Alaric Smale
206dfe28-959e-4350-b3f4-95d92d571e61,Mayer Bryers
e76e823d-c3f3-4bf5-a027-59a0016c1783,Skip Raleston
87045e9b-df37-43fa-84dd-83a14762ea6d,Enoch Alliker
69166cd3-4832-4864-9c64-ad03291e2f01,Barnie Toping
90a81790-1dcf-4fa9-9499-50f77e7aa482,Zsa zsa Romans
